Season,Date,Round,Home Team,Away Team,Goals Home,Goals Away,xG Home,xG Away,Corners Home,Corners Away,Yellow Cards Home,Yellow Cards Away,Red Cards Home,Red Cards Away,Winner,Top Score 1,Top Score 2,Top Score 3,Top Score 4,Top Score 5
2021,2021-08-13T19:00:00+00:00,Regular Season - 1,Valencia,Getafe,1,0,0,0,1,9,6,2,1,0,Valencia,N/A,N/A,N/A,N/A,N/A
2021,2021-08-14T17:30:00+00:00,Regular Season - 1,Cadiz,Levante,1,1,0,0,2,4,1,5,,,Draw,N/A,N/A,N/A,N/A,N/A
2021,2021-08-14T17:30:00+00:00,Regular Season - 1,Mallorca,Real Betis,1,1,0,0,3,3,1,3,,,Draw,N/A,N/A,N/A,N/A,N/A
2021,2021-08-14T20:00:00+00:00,Regular Season - 1,Alaves,Real Madrid,1,4,0,0,0,4,1,2,,,Real Madrid,N/A,N/A,N/A,N/A,N/A
2021,2021-08-14T20:00:00+00:00,Regular Season - 1,Osasuna,Espanyol,0,0,0,0,4,6,3,3,,,Draw,N/A,N/A,N/A,N/A,N/A
2021,2021-08-15T15:30:00+00:00,Regular Season - 1,Celta Vigo,Atletico Madrid,1,2,0,0,0,0,0,0,0,0,Atletico Madrid,N/A,N/A,N/A,N/A,N/A
2021,2021-08-15T18:00:00+00:00,Regular Season - 1,Barcelona,Real Sociedad,4,2,0,0,0,0,0,0,0,0,Barcelona,N/A,N/A,N/A,N/A,N/A
2021,2021-08-15T20:15:00+00:00,Regular Season - 1,Sevilla,Rayo Vallecano,3,0,0,0,0,0,0,0,0,0,Sevilla,N/A,N/A,N/A,N/A,N/A
2021,2021-08-16T18:00:00+00:00,Regular Season - 1,Villarreal,Granada CF,0,0,0,0,0,0,0,0,0,0,Draw,N/A,N/A,N/A,N/A,N/A
2021,2021-08-16T20:00:00+00:00,Regular Season - 1,Elche,Athletic Club,0,0,0,0,0,0,0,0,0,0,Draw,N/A,N/A,N/A,N/A,N/A
2021,2021-08-20T19:00:00+00:00,Regular Season - 2,Real Betis,Cadiz,1,1,0,0,0,0,0,0,0,0,Draw,N/A,N/A,N/A,N/A,N/A
2021,2021-08-21T15:00:00+00:00,Regular Season - 2,Alaves,Mallorca,0,1,0,0,0,0,0,0,0,0,Mallorca,N/A,N/A,N/A,N/A,N/A
2021,2021-08-21T17:30:00+00:00,Regular Season - 2,Espanyol,Villarreal,0,0,0,0,0,0,0,0,0,0,Draw,N/A,N/A,N/A,N/A,N/A
2021,2021-08-21T17:30:00+00:00,Regular Season - 2,Granada CF,Valencia,1,1,0,0,0,0,0,0,0,0,Draw,N/A,N/A,N/A,N/A,N/A
2021,2021-08-21T20:00:00+00:00,Regular Season - 2,Athletic Club,Barcelona,1,1,0,0,0,0,0,0,0,0,Draw,N/A,N/A,N/A,N/A,N/A
2021,2021-08-22T15:00:00+00:00,Regular Season - 2,Real Sociedad,Rayo Vallecano,1,0,0,0,5,4,3,4,,,Real Sociedad,N/A,N/A,N/A,N/A,N/A
2021,2021-08-22T17:30:00+00:00,Regular Season - 2,Atletico Madrid,Elche,1,0,0,0,2,1,2,2,,,Atletico Madrid,N/A,N/A,N/A,N/A,N/A
2021,2021-08-22T20:00:00+00:00,Regular Season - 2,Levante,Real Madrid,3,3,0,0,4,6,3,2,1,0,Draw,N/A,N/A,N/A,N/A,N/A
2021,2021-08-23T18:00:00+00:00,Regular Season - 2,Getafe,Sevilla,0,1,0,0,5,4,3,2,,,Sevilla,N/A,N/A,N/A,N/A,N/A
2021,2021-08-23T20:00:00+00:00,Regular Season - 2,Osasuna,Celta Vigo,0,0,0,0,1,2,4,3,,,Draw,N/A,N/A,N/A,N/A,N/A
2021,2021-08-27T18:00:00+00:00,Regular Season - 3,Mallorca,Espanyol,1,0,0,0,0,0,0,0,0,0,Mallorca,N/A,N/A,N/A,N/A,N/A
2021,2021-08-27T20:15:00+00:00,Regular Season - 3,Valencia,Alaves,3,0,0,0,0,0,0,0,0,0,Valencia,N/A,N/A,N/A,N/A,N/A
2021,2021-08-28T15:00:00+00:00,Regular Season - 3,Celta Vigo,Athletic Club,0,1,0,0,0,0,0,0,0,0,Athletic Club,N/A,N/A,N/A,N/A,N/A
2021,2021-08-28T17:30:00+00:00,Regular Season - 3,Real Sociedad,Levante,1,0,0,0,0,0,0,0,0,0,Real Sociedad,N/A,N/A,N/A,N/A,N/A
2021,2021-08-28T17:30:00+00:00,Regular Season - 3,Elche,Sevilla,1,1,0,0,0,0,0,0,0,0,Draw,N/A,N/A,N/A,N/A,N/A
2021,2021-08-28T20:00:00+00:00,Regular Season - 3,Real Betis,Real Madrid,0,1,0,0,0,0,0,0,0,0,Real Madrid,N/A,N/A,N/A,N/A,N/A
2021,2021-08-29T15:00:00+00:00,Regular Season - 3,Barcelona,Getafe,2,1,0,0,0,0,0,0,0,0,Barcelona,N/A,N/A,N/A,N/A,N/A
2021,2021-08-29T17:30:00+00:00,Regular Season - 3,Cadiz,Osasuna,2,3,0,0,0,0,0,0,0,0,Osasuna,N/A,N/A,N/A,N/A,N/A
2021,2021-08-29T17:30:00+00:00,Regular Season - 3,Rayo Vallecano,Granada CF,4,0,0,0,0,0,0,0,0,0,Rayo Vallecano,N/A,N/A,N/A,N/A,N/A
2021,2021-08-29T20:00:00+00:00,Regular Season - 3,Atletico Madrid,Villarreal,2,2,0,0,0,0,0,0,0,0,Draw,N/A,N/A,N/A,N/A,N/A
2021,2021-09-11T16:30:00+00:00,Regular Season - 4,Levante,Rayo Vallecano,1,1,0,0,0,0,0,0,0,0,Draw,N/A,N/A,N/A,N/A,N/A
2021,2021-09-11T19:00:00+00:00,Regular Season - 4,Athletic Club,Mallorca,2,0,0,0,0,0,0,0,0,0,Athletic Club,N/A,N/A,N/A,N/A,N/A
2021,2021-09-12T12:00:00+00:00,Regular Season - 4,Espanyol,Atletico Madrid,1,2,0,0,0,0,0,0,0,0,Atletico Madrid,N/A,N/A,N/A,N/A,N/A
2021,2021-09-12T14:15:00+00:00,Regular Season - 4,Osasuna,Valencia,1,4,0,0,0,0,0,0,0,0,Valencia,N/A,N/A,N/A,N/A,N/A
2021,2021-09-12T16:30:00+00:00,Regular Season - 4,Cadiz,Real Sociedad,0,2,0,0,0,0,0,0,0,0,Real Sociedad,N/A,N/A,N/A,N/A,N/A
2021,2021-09-12T19:00:00+00:00,Regular Season - 4,Real Madrid,Celta Vigo,5,2,0,0,0,0,0,0,0,0,Real Madrid,N/A,N/A,N/A,N/A,N/A
2021,2021-09-13T18:00:00+00:00,Regular Season - 4,Getafe,Elche,0,1,0,0,0,0,0,0,0,0,Elche,N/A,N/A,N/A,N/A,N/A
2021,2021-09-13T20:00:00+00:00,Regular Season - 4,Granada CF,Real Betis,1,2,0,0,0,0,0,0,0,0,Real Betis,N/A,N/A,N/A,N/A,N/A
2021,2021-09-17T19:00:00+00:00,Regular Season - 5,Celta Vigo,Cadiz,1,2,0,0,0,0,0,0,0,0,Cadiz,N/A,N/A,N/A,N/A,N/A
2021,2021-09-18T12:00:00+00:00,Regular Season - 5,Rayo Vallecano,Getafe,3,0,0,0,0,0,0,0,0,0,Rayo Vallecano,N/A,N/A,N/A,N/A,N/A
2021,2021-09-18T14:15:00+00:00,Regular Season - 5,Atletico Madrid,Athletic Club,0,0,0,0,0,0,0,0,0,0,Draw,N/A,N/A,N/A,N/A,N/A
2021,2021-09-18T16:30:00+00:00,Regular Season - 5,Elche,Levante,1,1,0,0,0,0,0,0,0,0,Draw,N/A,N/A,N/A,N/A,N/A
2021,2021-09-18T19:00:00+00:00,Regular Season - 5,Alaves,Osasuna,0,2,0,0,0,0,0,0,0,0,Osasuna,N/A,N/A,N/A,N/A,N/A
2021,2021-09-19T12:00:00+00:00,Regular Season - 5,Mallorca,Villarreal,0,0,0,0,0,0,0,0,0,0,Draw,N/A,N/A,N/A,N/A,N/A
2021,2021-09-19T14:15:00+00:00,Regular Season - 5,Real Sociedad,Sevilla,0,0,0,0,0,0,0,0,0,0,Draw,N/A,N/A,N/A,N/A,N/A
2021,2021-09-19T16:30:00+00:00,Regular Season - 5,Real Betis,Espanyol,2,2,0,0,0,0,0,0,0,0,Draw,N/A,N/A,N/A,N/A,N/A
2021,2021-09-19T19:00:00+00:00,Regular Season - 5,Valencia,Real Madrid,1,2,0,0,0,0,0,0,0,0,Real Madrid,N/A,N/A,N/A,N/A,N/A
2021,2021-09-20T19:00:00+00:00,Regular Season - 5,Barcelona,Granada CF,1,1,0,0,0,0,0,0,0,0,Draw,N/A,N/A,N/A,N/A,N/A
2021,2021-09-21T17:30:00+00:00,Regular Season - 6,Getafe,Atletico Madrid,1,2,0,0,0,0,0,0,0,0,Atletico Madrid,N/A,N/A,N/A,N/A,N/A
2021,2021-09-21T20:00:00+00:00,Regular Season - 6,Athletic Club,Rayo Vallecano,1,2,0,0,2,1,3,3,,,Rayo Vallecano,N/A,N/A,N/A,N/A,N/A
2021,2021-09-21T20:00:00+00:00,Regular Season - 6,Levante,Celta Vigo,0,2,0,0,2,4,3,2,,,Celta Vigo,N/A,N/A,N/A,N/A,N/A
2021,2021-09-22T17:30:00+00:00,Regular Season - 6,Sevilla,Valencia,3,1,0,0,1,4,5,3,,,Sevilla,N/A,N/A,N/A,N/A,N/A
2021,2021-09-22T17:30:00+00:00,Regular Season - 6,Espanyol,Alaves,1,0,0,0,4,8,2,1,,,Espanyol,N/A,N/A,N/A,N/A,N/A
2021,2021-09-22T20:00:00+00:00,Regular Season - 6,Villarreal,Elche,4,1,0,0,8,7,1,2,,,Villarreal,N/A,N/A,N/A,N/A,N/A
2021,2021-09-22T20:00:00+00:00,Regular Season - 6,Real Madrid,Mallorca,6,1,0,0,0,0,0,0,0,0,Real Madrid,N/A,N/A,N/A,N/A,N/A
2021,2021-09-23T17:30:00+00:00,Regular Season - 6,Granada CF,Real Sociedad,2,3,0,0,0,0,0,0,0,0,Real Sociedad,N/A,N/A,N/A,N/A,N/A
2021,2021-09-23T17:30:00+00:00,Regular Season - 6,Osasuna,Real Betis,1,3,0,0,0,0,0,0,0,0,Real Betis,N/A,N/A,N/A,N/A,N/A
2021,2021-09-23T20:00:00+00:00,Regular Season - 6,Cadiz,Barcelona,0,0,0,0,0,0,0,0,0,0,Draw,N/A,N/A,N/A,N/A,N/A
2021,2021-09-25T12:00:00+00:00,Regular Season - 7,Alaves,Atletico Madrid,1,0,0,0,0,0,0,0,0,0,Alaves,N/A,N/A,N/A,N/A,N/A
2021,2021-09-25T14:15:00+00:00,Regular Season - 7,Valencia,Athletic Club,1,1,0,0,0,0,0,0,0,0,Draw,N/A,N/A,N/A,N/A,N/A
2021,2021-09-25T16:30:00+00:00,Regular Season - 7,Sevilla,Espanyol,2,0,0,0,0,0,0,0,0,0,Sevilla,N/A,N/A,N/A,N/A,N/A
2021,2021-09-25T19:00:00+00:00,Regular Season - 7,Real Madrid,Villarreal,0,0,0,0,0,0,0,0,0,0,Draw,N/A,N/A,N/A,N/A,N/A
2021,2021-09-26T12:00:00+00:00,Regular Season - 7,Mallorca,Osasuna,2,3,0,0,0,0,0,0,0,0,Osasuna,N/A,N/A,N/A,N/A,N/A
2021,2021-09-26T14:15:00+00:00,Regular Season - 7,Barcelona,Levante,3,0,0,0,0,0,0,0,0,0,Barcelona,N/A,N/A,N/A,N/A,N/A
2021,2021-09-26T16:30:00+00:00,Regular Season - 7,Real Sociedad,Elche,1,0,0,0,0,0,0,0,0,0,Real Sociedad,N/A,N/A,N/A,N/A,N/A
2021,2021-09-26T16:30:00+00:00,Regular Season - 7,Rayo Vallecano,Cadiz,3,1,0,0,0,0,0,0,0,0,Rayo Vallecano,N/A,N/A,N/A,N/A,N/A
2021,2021-09-26T19:00:00+00:00,Regular Season - 7,Real Betis,Getafe,2,0,0,0,0,0,0,0,0,0,Real Betis,N/A,N/A,N/A,N/A,N/A
2021,2021-09-27T19:00:00+00:00,Regular Season - 7,Celta Vigo,Granada CF,1,0,0,0,0,0,0,0,0,0,Celta Vigo,N/A,N/A,N/A,N/A,N/A
2021,2021-10-01T19:00:00+00:00,Regular Season - 8,Athletic Club,Alaves,1,0,0,0,0,0,0,0,0,0,Athletic Club,N/A,N/A,N/A,N/A,N/A
2021,2021-10-02T12:00:00+00:00,Regular Season - 8,Osasuna,Rayo Vallecano,1,0,0,0,0,0,0,0,0,0,Osasuna,N/A,N/A,N/A,N/A,N/A
2021,2021-10-02T14:15:00+00:00,Regular Season - 8,Mallorca,Levante,1,0,0,0,0,0,0,0,0,0,Mallorca,N/A,N/A,N/A,N/A,N/A
2021,2021-10-02T16:30:00+00:00,Regular Season - 8,Cadiz,Valencia,0,0,0,0,0,0,0,0,0,0,Draw,N/A,N/A,N/A,N/A,N/A
2021,2021-10-02T19:00:00+00:00,Regular Season - 8,Atletico Madrid,Barcelona,2,0,0,0,0,0,0,0,0,0,Atletico Madrid,N/A,N/A,N/A,N/A,N/A
2021,2021-10-03T12:00:00+00:00,Regular Season - 8,Elche,Celta Vigo,1,0,0,0,0,0,0,0,0,0,Elche,N/A,N/A,N/A,N/A,N/A
2021,2021-10-03T14:15:00+00:00,Regular Season - 8,Espanyol,Real Madrid,2,1,0,0,0,0,0,0,0,0,Espanyol,N/A,N/A,N/A,N/A,N/A
2021,2021-10-03T16:30:00+00:00,Regular Season - 8,Villarreal,Real Betis,2,0,0,0,0,0,0,0,0,0,Villarreal,N/A,N/A,N/A,N/A,N/A
2021,2021-10-03T16:30:00+00:00,Regular Season - 8,Getafe,Real Sociedad,1,1,0,0,0,0,0,0,0,0,Draw,N/A,N/A,N/A,N/A,N/A
2021,2021-10-03T19:00:00+00:00,Regular Season - 8,Granada CF,Sevilla,1,0,0,0,0,0,0,0,0,0,Granada CF,N/A,N/A,N/A,N/A,N/A
2021,2021-10-16T16:30:00+00:00,Regular Season - 9,Levante,Getafe,0,0,0,0,0,0,0,0,0,0,Draw,N/A,N/A,N/A,N/A,N/A
2021,2021-10-16T19:00:00+00:00,Regular Season - 9,Real Sociedad,Mallorca,1,0,0,0,0,0,0,0,0,0,Real Sociedad,N/A,N/A,N/A,N/A,N/A
2021,2021-10-17T12:00:00+00:00,Regular Season - 9,Rayo Vallecano,Elche,2,1,0,0,0,0,0,0,0,0,Rayo Vallecano,N/A,N/A,N/A,N/A,N/A
2021,2021-10-17T14:15:00+00:00,Regular Season - 9,Celta Vigo,Sevilla,0,1,0,0,0,0,0,0,0,0,Sevilla,N/A,N/A,N/A,N/A,N/A
2021,2021-10-17T16:30:00+00:00,Regular Season - 9,Villarreal,Osasuna,1,2,0,0,0,0,0,0,0,0,Osasuna,N/A,N/A,N/A,N/A,N/A
2021,2021-10-17T19:00:00+00:00,Regular Season - 9,Barcelona,Valencia,3,1,0,0,0,0,0,0,0,0,Barcelona,N/A,N/A,N/A,N/A,N/A
2021,2021-10-18T17:00:00+00:00,Regular Season - 9,Alaves,Real Betis,0,1,0,0,7,7,1,1,,,Real Betis,N/A,N/A,N/A,N/A,N/A
2021,2021-10-18T19:00:00+00:00,Regular Season - 9,Espanyol,Cadiz,2,0,0,0,7,9,1,0,,,Espanyol,N/A,N/A,N/A,N/A,N/A
2021,2021-10-22T19:00:00+00:00,Regular Season - 10,Osasuna,Granada CF,1,1,0,0,4,1,1,3,1,0,Draw,N/A,N/A,N/A,N/A,N/A
2021,2021-10-23T12:00:00+00:00,Regular Season - 10,Valencia,Mallorca,2,2,0,0,5,0,5,6,0,2,Draw,N/A,N/A,N/A,N/A,N/A
2021,2021-10-23T14:15:00+00:00,Regular Season - 10,Cadiz,Alaves,0,2,0,0,14,3,0,2,,,Alaves,N/A,N/A,N/A,N/A,N/A
2021,2021-10-23T16:30:00+00:00,Regular Season - 10,Elche,Espanyol,2,2,0,0,0,0,0,0,0,0,Draw,N/A,N/A,N/A,N/A,N/A
2021,2021-10-23T19:00:00+00:00,Regular Season - 10,Athletic Club,Villarreal,2,1,0,0,0,0,0,0,0,0,Athletic Club,N/A,N/A,N/A,N/A,N/A
2021,2021-10-24T12:00:00+00:00,Regular Season - 10,Sevilla,Levante,5,3,0,0,0,0,0,0,0,0,Sevilla,N/A,N/A,N/A,N/A,N/A
2021,2021-10-24T14:15:00+00:00,Regular Season - 10,Barcelona,Real Madrid,1,2,0,0,0,0,0,0,0,0,Real Madrid,N/A,N/A,N/A,N/A,N/A
2021,2021-10-24T16:30:00+00:00,Regular Season - 10,Real Betis,Rayo Vallecano,3,2,0,0,0,0,0,0,0,0,Real Betis,N/A,N/A,N/A,N/A,N/A
2021,2021-10-24T19:00:00+00:00,Regular Season - 10,Atletico Madrid,Real Sociedad,2,2,0,0,0,0,0,0,0,0,Draw,N/A,N/A,N/A,N/A,N/A
2021,2021-10-25T19:00:00+00:00,Regular Season - 10,Getafe,Celta Vigo,0,3,0,0,0,0,0,0,0,0,Celta Vigo,N/A,N/A,N/A,N/A,N/A
2021,2021-10-26T17:00:00+00:00,Regular Season - 11,Alaves,Elche,1,0,0,0,0,0,0,0,0,0,Alaves,N/A,N/A,N/A,N/A,N/A
2021,2021-10-26T19:00:00+00:00,Regular Season - 11,Espanyol,Athletic Club,1,1,0,0,0,0,0,0,0,0,Draw,N/A,N/A,N/A,N/A,N/A
2021,2021-10-26T19:30:00+00:00,Regular Season - 11,Villarreal,Cadiz,3,3,0,0,0,0,0,0,0,0,Draw,N/A,N/A,N/A,N/A,N/A
2021,2021-10-27T17:00:00+00:00,Regular Season - 11,Rayo Vallecano,Barcelona,1,0,0,0,0,0,0,0,0,0,Rayo Vallecano,N/A,N/A,N/A,N/A,N/A
2021,2021-10-27T17:00:00+00:00,Regular Season - 11,Mallorca,Sevilla,1,1,0,0,0,0,0,0,0,0,Draw,N/A,N/A,N/A,N/A,N/A
2021,2021-10-27T18:00:00+00:00,Regular Season - 11,Real Betis,Valencia,4,1,0,0,0,0,0,0,0,0,Real Betis,N/A,N/A,N/A,N/A,N/A
2021,2021-10-27T19:30:00+00:00,Regular Season - 11,Real Madrid,Osasuna,0,0,0,0,0,0,0,0,0,0,Draw,N/A,N/A,N/A,N/A,N/A
2021,2021-10-28T17:00:00+00:00,Regular Season - 11,Celta Vigo,Real Sociedad,0,2,0,0,0,0,0,0,0,0,Real Sociedad,N/A,N/A,N/A,N/A,N/A
2021,2021-10-28T18:00:00+00:00,Regular Season - 11,Granada CF,Getafe,1,1,0,0,0,0,0,0,0,0,Draw,N/A,N/A,N/A,N/A,N/A
2021,2021-10-28T19:30:00+00:00,Regular Season - 11,Levante,Atletico Madrid,2,2,0,0,0,0,0,0,0,0,Draw,N/A,N/A,N/A,N/A,N/A
2021,2021-10-30T12:00:00+00:00,Regular Season - 12,Elche,Real Madrid,1,2,0,0,0,0,0,0,0,0,Real Madrid,N/A,N/A,N/A,N/A,N/A
2021,2021-10-30T14:15:00+00:00,Regular Season - 12,Sevilla,Osasuna,2,0,0,0,0,0,0,0,0,0,Sevilla,N/A,N/A,N/A,N/A,N/A
2021,2021-10-30T16:30:00+00:00,Regular Season - 12,Valencia,Villarreal,2,0,0,0,0,0,0,0,0,0,Valencia,N/A,N/A,N/A,N/A,N/A
2021,2021-10-30T19:00:00+00:00,Regular Season - 12,Barcelona,Alaves,1,1,0,0,0,0,0,0,0,0,Draw,N/A,N/A,N/A,N/A,N/A
2021,2021-10-31T13:00:00+00:00,Regular Season - 12,Cadiz,Mallorca,1,1,0,0,0,0,0,0,0,0,Draw,N/A,N/A,N/A,N/A,N/A
2021,2021-10-31T15:15:00+00:00,Regular Season - 12,Atletico Madrid,Real Betis,3,0,0,0,0,0,0,0,0,0,Atletico Madrid,N/A,N/A,N/A,N/A,N/A
2021,2021-10-31T17:30:00+00:00,Regular Season - 12,Getafe,Espanyol,2,1,0,0,0,0,0,0,0,0,Getafe,N/A,N/A,N/A,N/A,N/A
2021,2021-10-31T20:00:00+00:00,Regular Season - 12,Real Sociedad,Athletic Club,1,1,0,0,0,0,0,0,0,0,Draw,N/A,N/A,N/A,N/A,N/A
2021,2021-11-01T17:30:00+00:00,Regular Season - 12,Rayo Vallecano,Celta Vigo,0,0,0,0,0,0,0,0,0,0,Draw,N/A,N/A,N/A,N/A,N/A
2021,2021-11-01T20:00:00+00:00,Regular Season - 12,Levante,Granada CF,0,3,0,0,0,0,0,0,0,0,Granada CF,N/A,N/A,N/A,N/A,N/A
2021,2021-11-05T20:00:00+00:00,Regular Season - 13,Athletic Club,Cadiz,0,1,0,0,0,0,0,0,0,0,Cadiz,N/A,N/A,N/A,N/A,N/A
2021,2021-11-06T13:00:00+00:00,Regular Season - 13,Espanyol,Granada CF,2,0,0,0,0,0,0,0,0,0,Espanyol,N/A,N/A,N/A,N/A,N/A
2021,2021-11-06T15:15:00+00:00,Regular Season - 13,Celta Vigo,Barcelona,3,3,0,0,0,0,0,0,0,0,Draw,N/A,N/A,N/A,N/A,N/A
2021,2021-11-06T17:30:00+00:00,Regular Season - 13,Alaves,Levante,2,1,0,0,1,3,3,3,,,Alaves,N/A,N/A,N/A,N/A,N/A
2021,2021-11-06T20:00:00+00:00,Regular Season - 13,Real Madrid,Rayo Vallecano,2,1,0,0,4,5,1,2,,,Real Madrid,N/A,N/A,N/A,N/A,N/A
2021,2021-11-07T13:00:00+00:00,Regular Season - 13,Villarreal,Getafe,1,0,0,0,6,4,1,2,,,Villarreal,N/A,N/A,N/A,N/A,N/A
2021,2021-11-07T15:15:00+00:00,Regular Season - 13,Valencia,Atletico Madrid,3,3,0,0,9,0,2,2,,,Draw,N/A,N/A,N/A,N/A,N/A
2021,2021-11-07T17:30:00+00:00,Regular Season - 13,Osasuna,Real Sociedad,0,2,0,0,5,2,0,2,,,Real Sociedad,N/A,N/A,N/A,N/A,N/A
2021,2021-11-07T17:30:00+00:00,Regular Season - 13,Mallorca,Elche,2,2,0,0,0,0,0,0,0,0,Draw,N/A,N/A,N/A,N/A,N/A
2021,2021-11-07T20:00:00+00:00,Regular Season - 13,Real Betis,Sevilla,0,2,0,0,0,0,0,0,0,0,Sevilla,N/A,N/A,N/A,N/A,N/A
2021,2021-11-19T20:00:00+00:00,Regular Season - 14,Levante,Athletic Club,0,0,0,0,0,0,0,0,0,0,Draw,N/A,N/A,N/A,N/A,N/A
2021,2021-11-20T13:00:00+00:00,Regular Season - 14,Celta Vigo,Villarreal,1,1,0,0,0,0,0,0,0,0,Draw,N/A,N/A,N/A,N/A,N/A
2021,2021-11-20T15:15:00+00:00,Regular Season - 14,Sevilla,Alaves,2,2,0,0,0,0,0,0,0,0,Draw,N/A,N/A,N/A,N/A,N/A
2021,2021-11-20T17:30:00+00:00,Regular Season - 14,Atletico Madrid,Osasuna,1,0,0,0,0,0,0,0,0,0,Atletico Madrid,N/A,N/A,N/A,N/A,N/A
2021,2021-11-20T20:00:00+00:00,Regular Season - 14,Barcelona,Espanyol,1,0,0,0,0,0,0,0,0,0,Barcelona,N/A,N/A,N/A,N/A,N/A
2021,2021-11-21T13:00:00+00:00,Regular Season - 14,Getafe,Cadiz,4,0,0,0,0,0,0,0,0,0,Getafe,N/A,N/A,N/A,N/A,N/A
2021,2021-11-21T15:15:00+00:00,Regular Season - 14,Granada CF,Real Madrid,1,4,0,0,0,0,0,0,0,0,Real Madrid,N/A,N/A,N/A,N/A,N/A
2021,2021-11-21T17:30:00+00:00,Regular Season - 14,Elche,Real Betis,0,3,0,0,0,0,0,0,0,0,Real Betis,N/A,N/A,N/A,N/A,N/A
2021,2021-11-21T20:00:00+00:00,Regular Season - 14,Real Sociedad,Valencia,0,0,0,0,0,0,0,0,0,0,Draw,N/A,N/A,N/A,N/A,N/A
2021,2021-11-22T20:00:00+00:00,Regular Season - 14,Rayo Vallecano,Mallorca,3,1,0,0,0,0,0,0,0,0,Rayo Vallecano,N/A,N/A,N/A,N/A,N/A
2021,2021-11-26T20:00:00+00:00,Regular Season - 15,Athletic Club,Granada CF,2,2,0,0,0,0,0,0,0,0,Draw,N/A,N/A,N/A,N/A,N/A
2021,2021-11-27T13:00:00+00:00,Regular Season - 15,Alaves,Celta Vigo,1,2,0,0,0,0,0,0,0,0,Celta Vigo,N/A,N/A,N/A,N/A,N/A
2021,2021-11-27T15:15:00+00:00,Regular Season - 15,Valencia,Rayo Vallecano,1,1,0,0,0,0,0,0,0,0,Draw,N/A,N/A,N/A,N/A,N/A
2021,2021-11-27T17:30:00+00:00,Regular Season - 15,Mallorca,Getafe,0,0,0,0,0,0,0,0,0,0,Draw,N/A,N/A,N/A,N/A,N/A
2021,2021-11-27T20:00:00+00:00,Regular Season - 15,Villarreal,Barcelona,1,3,0,0,0,0,0,0,0,0,Barcelona,N/A,N/A,N/A,N/A,N/A
2021,2021-11-28T13:00:00+00:00,Regular Season - 15,Real Betis,Levante,3,1,0,0,0,0,0,0,0,0,Real Betis,N/A,N/A,N/A,N/A,N/A
2021,2021-11-28T15:15:00+00:00,Regular Season - 15,Espanyol,Real Sociedad,1,0,0,0,0,0,0,0,0,0,Espanyol,N/A,N/A,N/A,N/A,N/A
2021,2021-11-28T17:30:00+00:00,Regular Season - 15,Cadiz,Atletico Madrid,1,4,0,0,0,0,0,0,0,0,Atletico Madrid,N/A,N/A,N/A,N/A,N/A
2021,2021-11-28T20:00:00+00:00,Regular Season - 15,Real Madrid,Sevilla,2,1,0,0,0,0,0,0,0,0,Real Madrid,N/A,N/A,N/A,N/A,N/A
2021,2021-11-29T20:00:00+00:00,Regular Season - 15,Osasuna,Elche,1,1,0,0,0,0,0,0,0,0,Draw,N/A,N/A,N/A,N/A,N/A
2021,2021-12-01T20:00:00+00:00,Regular Season - 9,Real Madrid,Athletic Club,1,0,0,0,0,0,0,0,0,0,Real Madrid,N/A,N/A,N/A,N/A,N/A
2021,2021-12-03T20:00:00+00:00,Regular Season - 16,Granada CF,Alaves,2,1,0,0,0,0,0,0,0,0,Granada CF,N/A,N/A,N/A,N/A,N/A
2021,2021-12-04T13:00:00+00:00,Regular Season - 16,Sevilla,Villarreal,1,0,0,0,0,0,0,0,0,0,Sevilla,N/A,N/A,N/A,N/A,N/A
2021,2021-12-04T15:15:00+00:00,Regular Season - 16,Barcelona,Real Betis,0,1,0,0,0,0,0,0,0,0,Real Betis,N/A,N/A,N/A,N/A,N/A
2021,2021-12-04T17:30:00+00:00,Regular Season - 16,Atletico Madrid,Mallorca,1,2,0,0,0,0,0,0,0,0,Mallorca,N/A,N/A,N/A,N/A,N/A
2021,2021-12-04T20:00:00+00:00,Regular Season - 16,Real Sociedad,Real Madrid,0,2,0,0,0,0,0,0,0,0,Real Madrid,N/A,N/A,N/A,N/A,N/A
2021,2021-12-05T13:00:00+00:00,Regular Season - 16,Rayo Vallecano,Espanyol,1,0,0,0,0,0,0,0,0,0,Rayo Vallecano,N/A,N/A,N/A,N/A,N/A
2021,2021-12-05T15:15:00+00:00,Regular Season - 16,Elche,Cadiz,3,1,0,0,3,3,7,3,,,Elche,N/A,N/A,N/A,N/A,N/A
2021,2021-12-05T17:30:00+00:00,Regular Season - 16,Levante,Osasuna,0,0,0,0,7,2,2,3,,,Draw,N/A,N/A,N/A,N/A,N/A
2021,2021-12-05T20:00:00+00:00,Regular Season - 16,Celta Vigo,Valencia,1,2,0,0,6,4,3,2,,,Valencia,N/A,N/A,N/A,N/A,N/A
2021,2021-12-06T20:00:00+00:00,Regular Season - 16,Getafe,Athletic Club,0,0,0,0,5,3,2,1,,,Draw,N/A,N/A,N/A,N/A,N/A
2021,2021-12-10T20:00:00+00:00,Regular Season - 17,Mallorca,Celta Vigo,0,0,0,0,7,4,3,2,,,Draw,N/A,N/A,N/A,N/A,N/A
2021,2021-12-11T13:00:00+00:00,Regular Season - 17,Espanyol,Levante,4,3,0,0,0,0,0,0,0,0,Espanyol,N/A,N/A,N/A,N/A,N/A
2021,2021-12-11T15:15:00+00:00,Regular Season - 17,Alaves,Getafe,1,1,0,0,0,0,0,0,0,0,Draw,N/A,N/A,N/A,N/A,N/A
2021,2021-12-11T17:30:00+00:00,Regular Season - 17,Valencia,Elche,2,1,0,0,0,0,0,0,0,0,Valencia,N/A,N/A,N/A,N/A,N/A
2021,2021-12-11T20:00:00+00:00,Regular Season - 17,Athletic Club,Sevilla,0,1,0,0,0,0,0,0,0,0,Sevilla,N/A,N/A,N/A,N/A,N/A
2021,2021-12-12T13:00:00+00:00,Regular Season - 17,Villarreal,Rayo Vallecano,2,0,0,0,0,0,0,0,0,0,Villarreal,N/A,N/A,N/A,N/A,N/A
2021,2021-12-12T15:15:00+00:00,Regular Season - 17,Osasuna,Barcelona,2,2,0,0,0,0,0,0,0,0,Draw,N/A,N/A,N/A,N/A,N/A
2021,2021-12-12T17:30:00+00:00,Regular Season - 17,Real Betis,Real Sociedad,4,0,0,0,0,0,0,0,0,0,Real Betis,N/A,N/A,N/A,N/A,N/A
2021,2021-12-12T20:00:00+00:00,Regular Season - 17,Real Madrid,Atletico Madrid,2,0,0,0,0,0,0,0,0,0,Real Madrid,N/A,N/A,N/A,N/A,N/A
2021,2021-12-13T20:00:00+00:00,Regular Season - 17,Cadiz,Granada CF,1,1,0,0,0,0,0,0,0,0,Draw,N/A,N/A,N/A,N/A,N/A
2021,2021-12-17T20:00:00+00:00,Regular Season - 18,Celta Vigo,Espanyol,3,1,0,0,0,0,0,0,0,0,Celta Vigo,N/A,N/A,N/A,N/A,N/A
2021,2021-12-18T13:00:00+00:00,Regular Season - 18,Rayo Vallecano,Alaves,2,0,0,0,0,0,0,0,0,0,Rayo Vallecano,N/A,N/A,N/A,N/A,N/A
2021,2021-12-18T15:15:00+00:00,Regular Season - 18,Real Sociedad,Villarreal,1,3,0,0,0,0,0,0,0,0,Villarreal,N/A,N/A,N/A,N/A,N/A
2021,2021-12-18T17:30:00+00:00,Regular Season - 18,Barcelona,Elche,3,2,0,0,0,0,0,0,0,0,Barcelona,N/A,N/A,N/A,N/A,N/A
2021,2021-12-18T20:00:00+00:00,Regular Season - 18,Sevilla,Atletico Madrid,2,1,0,0,0,0,0,0,0,0,Sevilla,N/A,N/A,N/A,N/A,N/A
2021,2021-12-19T13:00:00+00:00,Regular Season - 18,Granada CF,Mallorca,4,1,0,0,0,0,0,0,0,0,Granada CF,N/A,N/A,N/A,N/A,N/A
2021,2021-12-19T15:15:00+00:00,Regular Season - 18,Athletic Club,Real Betis,3,2,0,0,0,0,0,0,0,0,Athletic Club,N/A,N/A,N/A,N/A,N/A
2021,2021-12-19T17:30:00+00:00,Regular Season - 18,Getafe,Osasuna,1,0,0,0,0,0,0,0,0,0,Getafe,N/A,N/A,N/A,N/A,N/A
2021,2021-12-19T20:00:00+00:00,Regular Season - 18,Real Madrid,Cadiz,0,0,0,0,0,0,0,0,0,0,Draw,N/A,N/A,N/A,N/A,N/A
2021,2021-12-20T20:00:00+00:00,Regular Season - 18,Levante,Valencia,3,4,0,0,0,0,0,0,0,0,Valencia,N/A,N/A,N/A,N/A,N/A
2021,2021-12-21T18:00:00+00:00,Regular Season - 4,Villarreal,Alaves,5,2,0,0,0,0,0,0,0,0,Villarreal,N/A,N/A,N/A,N/A,N/A
2021,2021-12-21T20:30:00+00:00,Regular Season - 4,Sevilla,Barcelona,1,1,0,0,0,0,0,0,0,0,Draw,N/A,N/A,N/A,N/A,N/A
2021,2021-12-22T18:00:00+00:00,Regular Season - 9,Granada CF,Atletico Madrid,2,1,0,0,0,0,0,0,0,0,Granada CF,N/A,N/A,N/A,N/A,N/A
2021,2021-12-22T20:30:00+00:00,Regular Season - 21,Athletic Club,Real Madrid,1,2,0,0,0,0,0,0,0,0,Real Madrid,N/A,N/A,N/A,N/A,N/A
2021,2021-12-31T15:15:00+00:00,Regular Season - 19,Valencia,Espanyol,1,2,0,0,0,0,0,0,0,0,Espanyol,N/A,N/A,N/A,N/A,N/A
2021,2022-01-02T13:00:00+00:00,Regular Season - 19,Getafe,Real Madrid,1,0,0,0,0,0,0,0,0,0,Getafe,N/A,N/A,N/A,N/A,N/A
2021,2022-01-02T15:15:00+00:00,Regular Season - 19,Atletico Madrid,Rayo Vallecano,2,0,0,0,0,0,0,0,0,0,Atletico Madrid,N/A,N/A,N/A,N/A,N/A
2021,2022-01-02T15:15:00+00:00,Regular Season - 19,Elche,Granada CF,0,0,0,0,0,0,0,0,0,0,Draw,N/A,N/A,N/A,N/A,N/A
2021,2022-01-02T17:30:00+00:00,Regular Season - 19,Alaves,Real Sociedad,1,1,0,0,0,0,0,0,0,0,Draw,N/A,N/A,N/A,N/A,N/A
2021,2022-01-02T17:30:00+00:00,Regular Season - 19,Real Betis,Celta Vigo,0,2,0,0,0,0,0,0,0,0,Celta Vigo,N/A,N/A,N/A,N/A,N/A
2021,2022-01-02T20:00:00+00:00,Regular Season - 19,Mallorca,Barcelona,0,1,0,0,0,0,0,0,0,0,Barcelona,N/A,N/A,N/A,N/A,N/A
2021,2022-01-03T18:00:00+00:00,Regular Season - 19,Villarreal,Levante,5,0,0,0,6,5,3,2,,,Villarreal,N/A,N/A,N/A,N/A,N/A
2021,2022-01-03T20:00:00+00:00,Regular Season - 19,Osasuna,Athletic Club,1,3,0,0,4,5,5,2,1,0,Athletic Club,N/A,N/A,N/A,N/A,N/A
2021,2022-01-03T20:15:00+00:00,Regular Season - 19,Cadiz,Sevilla,0,1,0,0,2,8,0,1,,,Sevilla,N/A,N/A,N/A,N/A,N/A
2021,2022-01-08T13:00:00+00:00,Regular Season - 20,Levante,Mallorca,2,0,0,0,5,5,3,1,1,0,Levante,N/A,N/A,N/A,N/A,N/A
2021,2022-01-08T15:15:00+00:00,Regular Season - 20,Real Sociedad,Celta Vigo,1,0,0,0,6,4,3,3,,,Real Sociedad,N/A,N/A,N/A,N/A,N/A
2021,2022-01-08T17:30:00+00:00,Regular Season - 20,Granada CF,Barcelona,1,1,0,0,0,0,0,0,0,0,Draw,N/A,N/A,N/A,N/A,N/A
2021,2022-01-08T20:00:00+00:00,Regular Season - 20,Real Madrid,Valencia,4,1,0,0,0,0,0,0,0,0,Real Madrid,N/A,N/A,N/A,N/A,N/A
2021,2022-01-09T13:00:00+00:00,Regular Season - 20,Rayo Vallecano,Real Betis,1,1,0,0,0,0,0,0,0,0,Draw,N/A,N/A,N/A,N/A,N/A
2021,2022-01-09T15:15:00+00:00,Regular Season - 20,Sevilla,Getafe,1,0,0,0,0,0,0,0,0,0,Sevilla,N/A,N/A,N/A,N/A,N/A
2021,2022-01-09T17:30:00+00:00,Regular Season - 20,Alaves,Athletic Club,0,0,0,0,0,0,0,0,0,0,Draw,N/A,N/A,N/A,N/A,N/A
2021,2022-01-09T17:30:00+00:00,Regular Season - 20,Osasuna,Cadiz,2,0,0,0,0,0,0,0,0,0,Osasuna,N/A,N/A,N/A,N/A,N/A
2021,2022-01-09T20:00:00+00:00,Regular Season - 20,Villarreal,Atletico Madrid,2,2,0,0,0,0,0,0,0,0,Draw,N/A,N/A,N/A,N/A,N/A
2021,2022-01-10T20:00:00+00:00,Regular Season - 20,Espanyol,Elche,1,2,0,0,0,0,0,0,0,0,Elche,N/A,N/A,N/A,N/A,N/A
2021,2022-01-16T13:00:00+00:00,Regular Season - 21,Elche,Villarreal,1,0,0,0,0,0,0,0,0,0,Elche,N/A,N/A,N/A,N/A,N/A
2021,2022-01-18T19:00:00+00:00,Regular Season - 21,Real Betis,Alaves,4,0,0,0,0,0,0,0,0,0,Real Betis,N/A,N/A,N/A,N/A,N/A
2021,2022-01-18T20:30:00+00:00,Regular Season - 21,Cadiz,Espanyol,2,2,0,0,0,0,0,0,0,0,Draw,N/A,N/A,N/A,N/A,N/A
2021,2022-01-19T18:00:00+00:00,Regular Season - 21,Celta Vigo,Osasuna,2,0,0,0,0,0,0,0,0,0,Celta Vigo,N/A,N/A,N/A,N/A,N/A
2021,2022-01-19T20:30:00+00:00,Regular Season - 21,Valencia,Sevilla,1,1,0,0,0,0,0,0,0,0,Draw,N/A,N/A,N/A,N/A,N/A
2021,2022-01-20T18:00:00+00:00,Regular Season - 21,Getafe,Granada CF,4,2,0,0,0,0,0,0,0,0,Getafe,N/A,N/A,N/A,N/A,N/A
2021,2022-01-21T20:00:00+00:00,Regular Season - 22,Espanyol,Real Betis,1,4,0,0,0,0,0,0,0,0,Real Betis,N/A,N/A,N/A,N/A,N/A
2021,2022-01-22T13:00:00+00:00,Regular Season - 22,Levante,Cadiz,0,2,0,0,0,0,0,0,0,0,Cadiz,N/A,N/A,N/A,N/A,N/A
2021,2022-01-22T15:15:00+00:00,Regular Season - 22,Villarreal,Mallorca,3,0,0,0,0,0,0,0,0,0,Villarreal,N/A,N/A,N/A,N/A,N/A
2021,2022-01-22T17:30:00+00:00,Regular Season - 22,Sevilla,Celta Vigo,2,2,0,0,0,0,0,0,0,0,Draw,N/A,N/A,N/A,N/A,N/A
2021,2022-01-22T20:00:00+00:00,Regular Season - 22,Atletico Madrid,Valencia,3,2,0,0,0,0,0,0,0,0,Atletico Madrid,N/A,N/A,N/A,N/A,N/A
2021,2022-01-23T13:00:00+00:00,Regular Season - 22,Granada CF,Osasuna,0,2,0,0,0,0,0,0,0,0,Osasuna,N/A,N/A,N/A,N/A,N/A
2021,2022-01-23T15:15:00+00:00,Regular Season - 22,Real Madrid,Elche,2,2,0,0,0,0,0,0,0,0,Draw,N/A,N/A,N/A,N/A,N/A
2021,2022-01-23T17:30:00+00:00,Regular Season - 22,Real Sociedad,Getafe,0,0,0,0,0,0,0,0,0,0,Draw,N/A,N/A,N/A,N/A,N/A
2021,2022-01-23T17:30:00+00:00,Regular Season - 22,Rayo Vallecano,Athletic Club,0,1,0,0,0,0,0,0,0,0,Athletic Club,N/A,N/A,N/A,N/A,N/A
2021,2022-01-23T20:00:00+00:00,Regular Season - 22,Alaves,Barcelona,0,1,0,0,0,0,0,0,0,0,Barcelona,N/A,N/A,N/A,N/A,N/A
2021,2022-02-04T20:00:00+00:00,Regular Season - 23,Getafe,Levante,3,0,0,0,0,0,0,0,0,0,Getafe,N/A,N/A,N/A,N/A,N/A
2021,2022-02-05T13:00:00+00:00,Regular Season - 23,Elche,Alaves,3,1,0,0,0,0,0,0,0,0,Elche,N/A,N/A,N/A,N/A,N/A
2021,2022-02-05T15:15:00+00:00,Regular Season - 23,Mallorca,Cadiz,2,1,0,0,0,0,0,0,0,0,Mallorca,N/A,N/A,N/A,N/A,N/A
2021,2022-02-05T17:30:00+00:00,Regular Season - 23,Celta Vigo,Rayo Vallecano,2,0,0,0,0,0,0,0,0,0,Celta Vigo,N/A,N/A,N/A,N/A,N/A
2021,2022-02-05T20:00:00+00:00,Regular Season - 23,Osasuna,Sevilla,0,0,0,0,0,0,0,0,0,0,Draw,N/A,N/A,N/A,N/A,N/A
2021,2022-02-06T13:00:00+00:00,Regular Season - 23,Valencia,Real Sociedad,0,0,0,0,9,9,4,2,,,Draw,N/A,N/A,N/A,N/A,N/A
2021,2022-02-06T15:15:00+00:00,Regular Season - 23,Barcelona,Atletico Madrid,4,2,0,0,3,5,2,2,1,0,Barcelona,N/A,N/A,N/A,N/A,N/A
2021,2022-02-06T17:30:00+00:00,Regular Season - 23,Real Betis,Villarreal,0,2,0,0,6,6,2,3,,,Villarreal,N/A,N/A,N/A,N/A,N/A
2021,2022-02-06T20:00:00+00:00,Regular Season - 23,Real Madrid,Granada CF,1,0,0,0,9,2,2,1,,,Real Madrid,N/A,N/A,N/A,N/A,N/A
2021,2022-02-07T20:00:00+00:00,Regular Season - 23,Athletic Club,Espanyol,2,1,0,0,5,3,3,3,,,Athletic Club,N/A,N/A,N/A,N/A,N/A
2021,2022-02-11T20:00:00+00:00,Regular Season - 24,Sevilla,Elche,2,0,0,0,0,0,0,0,0,0,Sevilla,N/A,N/A,N/A,N/A,N/A
2021,2022-02-12T13:00:00+00:00,Regular Season - 24,Cadiz,Celta Vigo,0,0,0,0,0,0,0,0,0,0,Draw,N/A,N/A,N/A,N/A,N/A
2021,2022-02-12T15:15:00+00:00,Regular Season - 24,Villarreal,Real Madrid,0,0,0,0,0,0,0,0,0,0,Draw,N/A,N/A,N/A,N/A,N/A
2021,2022-02-12T17:30:00+00:00,Regular Season - 24,Rayo Vallecano,Osasuna,0,3,0,0,0,0,0,0,0,0,Osasuna,N/A,N/A,N/A,N/A,N/A
2021,2022-02-12T20:00:00+00:00,Regular Season - 24,Atletico Madrid,Getafe,4,3,0,0,0,0,0,0,0,0,Atletico Madrid,N/A,N/A,N/A,N/A,N/A
2021,2022-02-13T13:00:00+00:00,Regular Season - 24,Alaves,Valencia,2,1,0,0,0,0,0,0,0,0,Alaves,N/A,N/A,N/A,N/A,N/A
2021,2022-02-13T15:15:00+00:00,Regular Season - 24,Levante,Real Betis,2,4,0,0,0,0,0,0,0,0,Real Betis,N/A,N/A,N/A,N/A,N/A
2021,2022-02-13T17:30:00+00:00,Regular Season - 24,Real Sociedad,Granada CF,2,0,0,0,0,0,0,0,0,0,Real Sociedad,N/A,N/A,N/A,N/A,N/A
2021,2022-02-13T20:00:00+00:00,Regular Season - 24,Espanyol,Barcelona,2,2,0,0,0,0,0,0,0,0,Draw,N/A,N/A,N/A,N/A,N/A
2021,2022-02-14T20:00:00+00:00,Regular Season - 24,Mallorca,Athletic Club,3,2,0,0,0,0,0,0,0,0,Mallorca,N/A,N/A,N/A,N/A,N/A
2021,2022-02-16T18:00:00+00:00,Regular Season - 21,Atletico Madrid,Levante,0,1,0,0,0,0,0,0,0,0,Levante,N/A,N/A,N/A,N/A,N/A
2021,2022-02-18T20:00:00+00:00,Regular Season - 25,Elche,Rayo Vallecano,2,1,0,0,0,0,0,0,0,0,Elche,N/A,N/A,N/A,N/A,N/A
2021,2022-02-19T13:00:00+00:00,Regular Season - 25,Granada CF,Villarreal,1,4,0,0,0,0,0,0,0,0,Villarreal,N/A,N/A,N/A,N/A,N/A
2021,2022-02-19T15:15:00+00:00,Regular Season - 25,Osasuna,Atletico Madrid,0,3,0,0,0,0,0,0,0,0,Atletico Madrid,N/A,N/A,N/A,N/A,N/A
2021,2022-02-19T17:30:00+00:00,Regular Season - 25,Cadiz,Getafe,1,1,0,0,0,0,0,0,0,0,Draw,N/A,N/A,N/A,N/A,N/A
2021,2022-02-19T20:00:00+00:00,Regular Season - 25,Real Madrid,Alaves,3,0,0,0,0,0,0,0,0,0,Real Madrid,N/A,N/A,N/A,N/A,N/A
2021,2022-02-20T13:00:00+00:00,Regular Season - 25,Espanyol,Sevilla,1,1,0,0,0,0,0,0,0,0,Draw,N/A,N/A,N/A,N/A,N/A
2021,2022-02-20T15:15:00+00:00,Regular Season - 25,Valencia,Barcelona,1,4,0,0,0,0,0,0,0,0,Barcelona,N/A,N/A,N/A,N/A,N/A
2021,2022-02-20T17:30:00+00:00,Regular Season - 25,Real Betis,Mallorca,2,1,0,0,0,0,0,0,0,0,Real Betis,N/A,N/A,N/A,N/A,N/A
2021,2022-02-20T20:00:00+00:00,Regular Season - 25,Athletic Club,Real Sociedad,4,0,0,0,0,0,0,0,0,0,Athletic Club,N/A,N/A,N/A,N/A,N/A
2021,2022-02-21T20:00:00+00:00,Regular Season - 25,Celta Vigo,Levante,1,1,0,0,0,0,0,0,0,0,Draw,N/A,N/A,N/A,N/A,N/A
2021,2022-02-25T20:00:00+00:00,Regular Season - 26,Levante,Elche,3,0,0,0,0,0,0,0,0,0,Levante,N/A,N/A,N/A,N/A,N/A
2021,2022-02-26T13:00:00+00:00,Regular Season - 26,Mallorca,Valencia,0,1,0,0,0,0,0,0,0,0,Valencia,N/A,N/A,N/A,N/A,N/A
2021,2022-02-26T15:15:00+00:00,Regular Season - 26,Getafe,Alaves,2,2,0,0,0,0,0,0,0,0,Draw,N/A,N/A,N/A,N/A,N/A
2021,2022-02-26T17:30:00+00:00,Regular Season - 26,Rayo Vallecano,Real Madrid,0,1,0,0,0,0,0,0,0,0,Real Madrid,N/A,N/A,N/A,N/A,N/A
2021,2022-02-26T20:00:00+00:00,Regular Season - 26,Atletico Madrid,Celta Vigo,2,0,0,0,0,0,0,0,0,0,Atletico Madrid,N/A,N/A,N/A,N/A,N/A
2021,2022-02-27T13:00:00+00:00,Regular Season - 26,Villarreal,Espanyol,5,1,0,0,0,0,0,0,0,0,Villarreal,N/A,N/A,N/A,N/A,N/A
2021,2022-02-27T15:15:00+00:00,Regular Season - 26,Sevilla,Real Betis,2,1,0,0,0,0,0,0,0,0,Sevilla,N/A,N/A,N/A,N/A,N/A
2021,2022-02-27T17:30:00+00:00,Regular Season - 26,Real Sociedad,Osasuna,1,0,0,0,0,0,0,0,0,0,Real Sociedad,N/A,N/A,N/A,N/A,N/A
2021,2022-02-27T20:00:00+00:00,Regular Season - 26,Barcelona,Athletic Club,4,0,0,0,5,0,2,1,,,Barcelona,N/A,N/A,N/A,N/A,N/A
2021,2022-02-28T20:00:00+00:00,Regular Season - 26,Granada CF,Cadiz,0,0,0,0,0,4,3,3,1,0,Draw,N/A,N/A,N/A,N/A,N/A
2021,2022-03-02T20:00:00+00:00,Regular Season - 21,Mallorca,Real Sociedad,0,2,0,0,3,4,0,2,,,Real Sociedad,N/A,N/A,N/A,N/A,N/A
2021,2022-03-04T20:00:00+00:00,Regular Season - 27,Alaves,Sevilla,0,0,0,0,5,5,3,1,,,Draw,N/A,N/A,N/A,N/A,N/A
2021,2022-03-05T13:00:00+00:00,Regular Season - 27,Osasuna,Villarreal,1,0,0,0,6,8,1,0,,,Osasuna,N/A,N/A,N/A,N/A,N/A
2021,2022-03-05T15:15:00+00:00,Regular Season - 27,Espanyol,Getafe,2,0,0,0,0,0,0,0,0,0,Espanyol,N/A,N/A,N/A,N/A,N/A
2021,2022-03-05T17:30:00+00:00,Regular Season - 27,Valencia,Granada CF,3,1,0,0,0,0,0,0,0,0,Valencia,N/A,N/A,N/A,N/A,N/A
2021,2022-03-05T20:00:00+00:00,Regular Season - 27,Real Madrid,Real Sociedad,4,1,0,0,0,0,0,0,0,0,Real Madrid,N/A,N/A,N/A,N/A,N/A
2021,2022-03-06T13:00:00+00:00,Regular Season - 27,Cadiz,Rayo Vallecano,2,0,0,0,0,0,0,0,0,0,Cadiz,N/A,N/A,N/A,N/A,N/A
2021,2022-03-06T15:15:00+00:00,Regular Season - 27,Elche,Barcelona,1,2,0,0,0,0,0,0,0,0,Barcelona,N/A,N/A,N/A,N/A,N/A
2021,2022-03-06T17:30:00+00:00,Regular Season - 27,Celta Vigo,Mallorca,4,3,0,0,0,0,0,0,0,0,Celta Vigo,N/A,N/A,N/A,N/A,N/A
2021,2022-03-06T20:00:00+00:00,Regular Season - 27,Real Betis,Atletico Madrid,1,3,0,0,0,0,0,0,0,0,Atletico Madrid,N/A,N/A,N/A,N/A,N/A
2021,2022-03-07T20:00:00+00:00,Regular Season - 27,Athletic Club,Levante,3,1,0,0,0,0,0,0,0,0,Athletic Club,N/A,N/A,N/A,N/A,N/A
2021,2022-03-11T20:00:00+00:00,Regular Season - 28,Atletico Madrid,Cadiz,2,1,0,0,0,0,0,0,0,0,Atletico Madrid,N/A,N/A,N/A,N/A,N/A
2021,2022-03-12T13:00:00+00:00,Regular Season - 28,Levante,Espanyol,1,1,0,0,0,0,0,0,0,0,Draw,N/A,N/A,N/A,N/A,N/A
2021,2022-03-12T15:15:00+00:00,Regular Season - 28,Granada CF,Elche,0,1,0,0,0,0,0,0,0,0,Elche,N/A,N/A,N/A,N/A,N/A
2021,2022-03-12T17:30:00+00:00,Regular Season - 28,Villarreal,Celta Vigo,1,0,0,0,0,0,0,0,0,0,Villarreal,N/A,N/A,N/A,N/A,N/A
2021,2022-03-12T20:00:00+00:00,Regular Season - 28,Getafe,Valencia,0,0,0,0,0,0,0,0,0,0,Draw,N/A,N/A,N/A,N/A,N/A
2021,2022-03-13T13:00:00+00:00,Regular Season - 28,Rayo Vallecano,Sevilla,1,1,0,0,0,0,0,0,0,0,Draw,N/A,N/A,N/A,N/A,N/A
2021,2022-03-13T15:15:00+00:00,Regular Season - 28,Real Betis,Athletic Club,1,0,0,0,0,0,0,0,0,0,Real Betis,N/A,N/A,N/A,N/A,N/A
2021,2022-03-13T17:30:00+00:00,Regular Season - 28,Real Sociedad,Alaves,1,0,0,0,0,0,0,0,0,0,Real Sociedad,N/A,N/A,N/A,N/A,N/A
2021,2022-03-13T20:00:00+00:00,Regular Season - 28,Barcelona,Osasuna,4,0,0,0,0,0,0,0,0,0,Barcelona,N/A,N/A,N/A,N/A,N/A
2021,2022-03-14T20:00:00+00:00,Regular Season - 28,Mallorca,Real Madrid,0,3,0,0,0,0,0,0,0,0,Real Madrid,N/A,N/A,N/A,N/A,N/A
2021,2022-03-18T20:00:00+00:00,Regular Season - 29,Athletic Club,Getafe,1,1,0,0,0,0,0,0,0,0,Draw,N/A,N/A,N/A,N/A,N/A
2021,2022-03-19T13:00:00+00:00,Regular Season - 29,Alaves,Granada CF,2,3,0,0,0,0,0,0,0,0,Granada CF,N/A,N/A,N/A,N/A,N/A
2021,2022-03-19T15:15:00+00:00,Regular Season - 29,Elche,Valencia,0,1,0,0,0,0,0,0,0,0,Valencia,N/A,N/A,N/A,N/A,N/A
2021,2022-03-19T17:30:00+00:00,Regular Season - 29,Osasuna,Levante,3,1,0,0,0,0,0,0,0,0,Osasuna,N/A,N/A,N/A,N/A,N/A
2021,2022-03-19T20:00:00+00:00,Regular Season - 29,Rayo Vallecano,Atletico Madrid,0,1,0,0,0,0,0,0,0,0,Atletico Madrid,N/A,N/A,N/A,N/A,N/A
2021,2022-03-20T13:00:00+00:00,Regular Season - 29,Espanyol,Mallorca,1,0,0,0,0,0,0,0,0,0,Espanyol,N/A,N/A,N/A,N/A,N/A
2021,2022-03-20T15:15:00+00:00,Regular Season - 29,Celta Vigo,Real Betis,0,0,0,0,0,0,0,0,0,0,Draw,N/A,N/A,N/A,N/A,N/A
2021,2022-03-20T15:15:00+00:00,Regular Season - 29,Cadiz,Villarreal,1,0,0,0,0,0,0,0,0,0,Cadiz,N/A,N/A,N/A,N/A,N/A
2021,2022-03-20T17:30:00+00:00,Regular Season - 29,Sevilla,Real Sociedad,0,0,0,0,0,0,0,0,0,0,Draw,N/A,N/A,N/A,N/A,N/A
2021,2022-03-20T20:00:00+00:00,Regular Season - 29,Real Madrid,Barcelona,0,4,0,0,0,0,0,0,0,0,Barcelona,N/A,N/A,N/A,N/A,N/A
2021,2022-04-02T12:00:00+00:00,Regular Season - 30,Getafe,Mallorca,1,0,0,0,0,0,0,0,0,0,Getafe,N/A,N/A,N/A,N/A,N/A
2021,2022-04-02T14:15:00+00:00,Regular Season - 30,Levante,Villarreal,2,0,0,0,0,0,0,0,0,0,Levante,N/A,N/A,N/A,N/A,N/A
2021,2022-04-02T16:30:00+00:00,Regular Season - 30,Celta Vigo,Real Madrid,1,2,0,0,9,3,3,0,,,Real Madrid,N/A,N/A,N/A,N/A,N/A
2021,2022-04-02T19:00:00+00:00,Regular Season - 30,Atletico Madrid,Alaves,4,1,0,0,7,2,1,0,,,Atletico Madrid,N/A,N/A,N/A,N/A,N/A
2021,2022-04-03T12:00:00+00:00,Regular Season - 30,Athletic Club,Elche,2,1,0,0,7,4,2,4,,,Athletic Club,N/A,N/A,N/A,N/A,N/A
2021,2022-04-03T14:15:00+00:00,Regular Season - 30,Real Betis,Osasuna,4,1,0,0,11,7,1,3,,,Real Betis,N/A,N/A,N/A,N/A,N/A
2021,2022-04-03T16:30:00+00:00,Regular Season - 30,Valencia,Cadiz,0,0,0,0,4,3,3,6,0,1,Draw,N/A,N/A,N/A,N/A,N/A
2021,2022-04-03T16:30:00+00:00,Regular Season - 30,Granada CF,Rayo Vallecano,2,2,0,0,0,0,0,0,0,0,Draw,N/A,N/A,N/A,N/A,N/A
2021,2022-04-03T19:00:00+00:00,Regular Season - 30,Barcelona,Sevilla,1,0,0,0,0,0,0,0,0,0,Barcelona,N/A,N/A,N/A,N/A,N/A
2021,2022-04-04T19:00:00+00:00,Regular Season - 30,Real Sociedad,Espanyol,1,0,0,0,0,0,0,0,0,0,Real Sociedad,N/A,N/A,N/A,N/A,N/A
2021,2022-04-08T19:00:00+00:00,Regular Season - 31,Sevilla,Granada CF,4,2,0,0,0,0,0,0,0,0,Sevilla,N/A,N/A,N/A,N/A,N/A
2021,2022-04-09T12:00:00+00:00,Regular Season - 31,Cadiz,Real Betis,1,2,0,0,0,0,0,0,0,0,Real Betis,N/A,N/A,N/A,N/A,N/A
2021,2022-04-09T14:15:00+00:00,Regular Season - 31,Mallorca,Atletico Madrid,1,0,0,0,0,0,0,0,0,0,Mallorca,N/A,N/A,N/A,N/A,N/A
2021,2022-04-09T16:30:00+00:00,Regular Season - 31,Villarreal,Athletic Club,1,1,0,0,0,0,0,0,0,0,Draw,N/A,N/A,N/A,N/A,N/A
2021,2022-04-09T19:00:00+00:00,Regular Season - 31,Real Madrid,Getafe,2,0,0,0,0,0,0,0,0,0,Real Madrid,N/A,N/A,N/A,N/A,N/A
2021,2022-04-10T12:00:00+00:00,Regular Season - 31,Osasuna,Alaves,1,0,0,0,0,0,0,0,0,0,Osasuna,N/A,N/A,N/A,N/A,N/A
2021,2022-04-10T14:15:00+00:00,Regular Season - 31,Espanyol,Celta Vigo,1,0,0,0,0,0,0,0,0,0,Espanyol,N/A,N/A,N/A,N/A,N/A
2021,2022-04-10T16:30:00+00:00,Regular Season - 31,Elche,Real Sociedad,1,2,0,0,0,0,0,0,0,0,Real Sociedad,N/A,N/A,N/A,N/A,N/A
2021,2022-04-10T19:00:00+00:00,Regular Season - 31,Levante,Barcelona,2,3,0,0,0,0,0,0,0,0,Barcelona,N/A,N/A,N/A,N/A,N/A
2021,2022-04-11T19:00:00+00:00,Regular Season - 31,Rayo Vallecano,Valencia,1,1,0,0,0,0,0,0,0,0,Draw,N/A,N/A,N/A,N/A,N/A
2021,2022-04-15T19:00:00+00:00,Regular Season - 32,Real Sociedad,Real Betis,0,0,0,0,0,0,0,0,0,0,Draw,N/A,N/A,N/A,N/A,N/A
2021,2022-04-16T12:00:00+00:00,Regular Season - 32,Elche,Mallorca,3,0,0,0,0,0,0,0,0,0,Elche,N/A,N/A,N/A,N/A,N/A
2021,2022-04-16T14:15:00+00:00,Regular Season - 32,Alaves,Rayo Vallecano,1,0,0,0,0,0,0,0,0,0,Alaves,N/A,N/A,N/A,N/A,N/A
2021,2022-04-16T16:30:00+00:00,Regular Season - 32,Valencia,Osasuna,1,2,0,0,0,0,0,0,0,0,Osasuna,N/A,N/A,N/A,N/A,N/A
2021,2022-04-16T19:00:00+00:00,Regular Season - 32,Getafe,Villarreal,1,2,0,0,0,0,0,0,0,0,Villarreal,N/A,N/A,N/A,N/A,N/A
2021,2022-04-17T12:00:00+00:00,Regular Season - 32,Granada CF,Levante,1,4,0,0,0,0,0,0,0,0,Levante,N/A,N/A,N/A,N/A,N/A
2021,2022-04-17T14:15:00+00:00,Regular Season - 32,Atletico Madrid,Espanyol,2,1,0,0,0,0,0,0,0,0,Atletico Madrid,N/A,N/A,N/A,N/A,N/A
2021,2022-04-17T16:30:00+00:00,Regular Season - 32,Athletic Club,Celta Vigo,0,2,0,0,0,0,0,0,0,0,Celta Vigo,N/A,N/A,N/A,N/A,N/A
2021,2022-04-17T19:00:00+00:00,Regular Season - 32,Sevilla,Real Madrid,2,3,0,0,0,0,0,0,0,0,Real Madrid,N/A,N/A,N/A,N/A,N/A
2021,2022-04-18T19:00:00+00:00,Regular Season - 32,Barcelona,Cadiz,0,1,0,0,0,0,0,0,0,0,Cadiz,N/A,N/A,N/A,N/A,N/A
2021,2022-04-19T17:00:00+00:00,Regular Season - 33,Mallorca,Alaves,2,1,0,0,0,0,0,0,0,0,Mallorca,N/A,N/A,N/A,N/A,N/A
2021,2022-04-19T19:00:00+00:00,Regular Season - 33,Real Betis,Elche,0,1,0,0,0,0,0,0,0,0,Elche,N/A,N/A,N/A,N/A,N/A
2021,2022-04-19T19:30:00+00:00,Regular Season - 33,Villarreal,Valencia,2,0,0,0,0,0,0,0,0,0,Villarreal,N/A,N/A,N/A,N/A,N/A
2021,2022-04-20T17:00:00+00:00,Regular Season - 33,Atletico Madrid,Granada CF,0,0,0,0,0,0,0,0,0,0,Draw,N/A,N/A,N/A,N/A,N/A
2021,2022-04-20T18:00:00+00:00,Regular Season - 33,Celta Vigo,Getafe,0,2,0,0,0,0,0,0,0,0,Getafe,N/A,N/A,N/A,N/A,N/A
2021,2022-04-20T19:30:00+00:00,Regular Season - 33,Osasuna,Real Madrid,1,3,0,0,0,0,0,0,0,0,Real Madrid,N/A,N/A,N/A,N/A,N/A
2021,2022-04-21T17:00:00+00:00,Regular Season - 33,Levante,Sevilla,2,3,0,0,10,4,1,5,,,Sevilla,N/A,N/A,N/A,N/A,N/A
2021,2022-04-21T17:00:00+00:00,Regular Season - 33,Espanyol,Rayo Vallecano,0,1,0,0,3,10,4,4,,,Rayo Vallecano,N/A,N/A,N/A,N/A,N/A
2021,2022-04-21T18:00:00+00:00,Regular Season - 33,Cadiz,Athletic Club,2,3,0,0,4,1,3,5,0,1,Athletic Club,N/A,N/A,N/A,N/A,N/A
2021,2022-04-21T19:30:00+00:00,Regular Season - 33,Real Sociedad,Barcelona,0,1,0,0,5,3,1,2,,,Barcelona,N/A,N/A,N/A,N/A,N/A
2021,2022-04-24T19:00:00+00:00,Regular Season - 21,Barcelona,Rayo Vallecano,0,1,0,0,9,1,4,6,,,Rayo Vallecano,N/A,N/A,N/A,N/A,N/A
2021,2022-04-29T19:00:00+00:00,Regular Season - 34,Sevilla,Cadiz,1,1,0,0,0,0,0,0,0,0,Draw,N/A,N/A,N/A,N/A,N/A
2021,2022-04-30T12:00:00+00:00,Regular Season - 34,Alaves,Villarreal,2,1,0,0,0,0,0,0,0,0,Alaves,N/A,N/A,N/A,N/A,N/A
2021,2022-04-30T14:15:00+00:00,Regular Season - 34,Real Madrid,Espanyol,4,0,0,0,0,0,0,0,0,0,Real Madrid,N/A,N/A,N/A,N/A,N/A
2021,2022-04-30T16:30:00+00:00,Regular Season - 34,Valencia,Levante,1,1,0,0,0,0,0,0,0,0,Draw,N/A,N/A,N/A,N/A,N/A
2021,2022-04-30T19:00:00+00:00,Regular Season - 34,Athletic Club,Atletico Madrid,2,0,0,0,0,0,0,0,0,0,Athletic Club,N/A,N/A,N/A,N/A,N/A
2021,2022-05-01T12:00:00+00:00,Regular Season - 34,Elche,Osasuna,1,1,0,0,0,0,0,0,0,0,Draw,N/A,N/A,N/A,N/A,N/A
2021,2022-05-01T14:15:00+00:00,Regular Season - 34,Granada CF,Celta Vigo,1,1,0,0,0,0,0,0,0,0,Draw,N/A,N/A,N/A,N/A,N/A
2021,2022-05-01T16:30:00+00:00,Regular Season - 34,Rayo Vallecano,Real Sociedad,1,1,0,0,0,0,0,0,0,0,Draw,N/A,N/A,N/A,N/A,N/A
2021,2022-05-01T19:00:00+00:00,Regular Season - 34,Barcelona,Mallorca,2,1,0,0,0,0,0,0,0,0,Barcelona,N/A,N/A,N/A,N/A,N/A
2021,2022-05-02T19:00:00+00:00,Regular Season - 34,Getafe,Real Betis,0,0,0,0,0,0,0,0,0,0,Draw,N/A,N/A,N/A,N/A,N/A
2021,2022-05-06T19:00:00+00:00,Regular Season - 35,Levante,Real Sociedad,2,1,0,0,0,0,0,0,0,0,Levante,N/A,N/A,N/A,N/A,N/A
2021,2022-05-07T12:00:00+00:00,Regular Season - 35,Mallorca,Granada CF,2,6,0,0,0,0,0,0,0,0,Granada CF,N/A,N/A,N/A,N/A,N/A
2021,2022-05-07T14:15:00+00:00,Regular Season - 35,Athletic Club,Valencia,0,0,0,0,0,0,0,0,0,0,Draw,N/A,N/A,N/A,N/A,N/A
2021,2022-05-07T16:30:00+00:00,Regular Season - 35,Celta Vigo,Alaves,4,0,0,0,0,0,0,0,0,0,Celta Vigo,N/A,N/A,N/A,N/A,N/A
2021,2022-05-07T16:30:00+00:00,Regular Season - 35,Cadiz,Elche,3,0,0,0,0,0,0,0,0,0,Cadiz,N/A,N/A,N/A,N/A,N/A
2021,2022-05-07T19:00:00+00:00,Regular Season - 35,Real Betis,Barcelona,1,2,0,0,0,0,0,0,0,0,Barcelona,N/A,N/A,N/A,N/A,N/A
2021,2022-05-08T12:00:00+00:00,Regular Season - 35,Getafe,Rayo Vallecano,0,0,0,0,0,0,0,0,0,0,Draw,N/A,N/A,N/A,N/A,N/A
2021,2022-05-08T14:15:00+00:00,Regular Season - 35,Villarreal,Sevilla,1,1,0,0,0,0,0,0,0,0,Draw,N/A,N/A,N/A,N/A,N/A
2021,2022-05-08T16:30:00+00:00,Regular Season - 35,Espanyol,Osasuna,1,1,0,0,0,0,0,0,0,0,Draw,N/A,N/A,N/A,N/A,N/A
2021,2022-05-08T19:00:00+00:00,Regular Season - 35,Atletico Madrid,Real Madrid,1,0,0,0,0,0,0,0,0,0,Atletico Madrid,N/A,N/A,N/A,N/A,N/A
2021,2022-05-10T17:00:00+00:00,Regular Season - 36,Valencia,Real Betis,0,3,0,0,0,0,0,0,0,0,Real Betis,N/A,N/A,N/A,N/A,N/A
2021,2022-05-10T18:00:00+00:00,Regular Season - 36,Granada CF,Athletic Club,1,0,0,0,0,0,0,0,0,0,Granada CF,N/A,N/A,N/A,N/A,N/A
2021,2022-05-10T19:30:00+00:00,Regular Season - 36,Barcelona,Celta Vigo,3,1,0,0,0,0,0,0,0,0,Barcelona,N/A,N/A,N/A,N/A,N/A
2021,2022-05-11T17:00:00+00:00,Regular Season - 36,Alaves,Espanyol,2,1,0,0,0,0,0,0,0,0,Alaves,N/A,N/A,N/A,N/A,N/A
2021,2022-05-11T17:00:00+00:00,Regular Season - 36,Osasuna,Getafe,1,1,0,0,0,0,0,0,0,0,Draw,N/A,N/A,N/A,N/A,N/A
2021,2022-05-11T18:30:00+00:00,Regular Season - 36,Sevilla,Mallorca,0,0,0,0,0,0,0,0,0,0,Draw,N/A,N/A,N/A,N/A,N/A
2021,2022-05-11T19:30:00+00:00,Regular Season - 36,Elche,Atletico Madrid,0,2,0,0,0,0,0,0,0,0,Atletico Madrid,N/A,N/A,N/A,N/A,N/A
2021,2022-05-12T17:00:00+00:00,Regular Season - 36,Real Sociedad,Cadiz,3,0,0,0,0,0,0,0,0,0,Real Sociedad,N/A,N/A,N/A,N/A,N/A
2021,2022-05-12T18:00:00+00:00,Regular Season - 36,Rayo Vallecano,Villarreal,1,5,0,0,0,0,0,0,0,0,Villarreal,N/A,N/A,N/A,N/A,N/A
2021,2022-05-12T19:30:00+00:00,Regular Season - 36,Real Madrid,Levante,6,0,0,0,0,0,0,0,0,0,Real Madrid,N/A,N/A,N/A,N/A,N/A
2021,2022-05-14T16:30:00+00:00,Regular Season - 37,Espanyol,Valencia,1,1,0,0,0,0,0,0,0,0,Draw,N/A,N/A,N/A,N/A,N/A
2021,2022-05-15T17:30:00+00:00,Regular Season - 37,Atletico Madrid,Sevilla,1,1,0,0,0,0,0,0,0,0,Draw,N/A,N/A,N/A,N/A,N/A
2021,2022-05-15T17:30:00+00:00,Regular Season - 37,Athletic Club,Osasuna,2,0,0,0,0,0,0,0,0,0,Athletic Club,N/A,N/A,N/A,N/A,N/A
2021,2022-05-15T17:30:00+00:00,Regular Season - 37,Villarreal,Real Sociedad,1,2,0,0,0,0,0,0,0,0,Real Sociedad,N/A,N/A,N/A,N/A,N/A
2021,2022-05-15T17:30:00+00:00,Regular Season - 37,Celta Vigo,Elche,1,0,0,0,0,0,0,0,0,0,Celta Vigo,N/A,N/A,N/A,N/A,N/A
2021,2022-05-15T17:30:00+00:00,Regular Season - 37,Levante,Alaves,3,1,0,0,0,0,0,0,0,0,Levante,N/A,N/A,N/A,N/A,N/A
2021,2022-05-15T17:30:00+00:00,Regular Season - 37,Real Betis,Granada CF,2,0,0,0,0,0,0,0,0,0,Real Betis,N/A,N/A,N/A,N/A,N/A
2021,2022-05-15T17:30:00+00:00,Regular Season - 37,Getafe,Barcelona,0,0,0,0,0,0,0,0,0,0,Draw,N/A,N/A,N/A,N/A,N/A
2021,2022-05-15T17:30:00+00:00,Regular Season - 37,Cadiz,Real Madrid,1,1,0,0,0,0,0,0,0,0,Draw,N/A,N/A,N/A,N/A,N/A
2021,2022-05-15T17:30:00+00:00,Regular Season - 37,Mallorca,Rayo Vallecano,2,1,0,0,0,0,0,0,0,0,Mallorca,N/A,N/A,N/A,N/A,N/A
2021,2022-05-20T19:00:00+00:00,Regular Season - 38,Real Madrid,Real Betis,0,0,0,0,0,0,0,0,0,0,Draw,N/A,N/A,N/A,N/A,N/A
2021,2022-05-20T19:00:00+00:00,Regular Season - 38,Rayo Vallecano,Levante,2,4,0,0,0,0,0,0,0,0,Levante,N/A,N/A,N/A,N/A,N/A
2021,2022-05-21T15:30:00+00:00,Regular Season - 38,Valencia,Celta Vigo,2,0,0,0,0,0,0,0,0,0,Valencia,N/A,N/A,N/A,N/A,N/A
2021,2022-05-22T15:30:00+00:00,Regular Season - 38,Elche,Getafe,3,1,0,0,0,0,0,0,0,0,Elche,N/A,N/A,N/A,N/A,N/A
2021,2022-05-22T18:00:00+00:00,Regular Season - 38,Alaves,Cadiz,0,1,0,0,0,0,0,0,0,0,Cadiz,N/A,N/A,N/A,N/A,N/A
2021,2022-05-22T18:00:00+00:00,Regular Season - 38,Granada CF,Espanyol,0,0,0,0,0,0,0,0,0,0,Draw,N/A,N/A,N/A,N/A,N/A
2021,2022-05-22T18:00:00+00:00,Regular Season - 38,Osasuna,Mallorca,0,2,0,0,0,0,0,0,0,0,Mallorca,N/A,N/A,N/A,N/A,N/A
2021,2022-05-22T20:00:00+00:00,Regular Season - 38,Barcelona,Villarreal,0,2,0,0,0,0,0,0,0,0,Villarreal,N/A,N/A,N/A,N/A,N/A
2021,2022-05-22T20:00:00+00:00,Regular Season - 38,Sevilla,Athletic Club,1,0,0,0,0,0,0,0,0,0,Sevilla,N/A,N/A,N/A,N/A,N/A
2021,2022-05-22T20:00:00+00:00,Regular Season - 38,Real Sociedad,Atletico Madrid,1,2,0,0,0,0,0,0,0,0,Atletico Madrid,N/A,N/A,N/A,N/A,N/A
